{
  "type": "AdaptiveCard",
  "body": [
    {
      "type": "TextBlock",
      "id": "Start date text",
      "separator": true,
      "text": "Schedule Start DateTime:"
    },
    {
      "type": "TextBlock",
      "id": "DateTimeFormat",
      "horizontalAlignment": "Center",
      "separator": true,
      "weight": "Bolder",
      "color": "Warning",
      "text": "(In UTC Time Zone)"
    },
    {
      "type": "Input.Date",
      "id": "Startdate",
      "separator": true,
      "value": "2019-05-24"
    },
    {
      "type": "Input.Time",
      "id": "Starttime",
      "separator": true,
      "value": "08:00"
    },
    {
      "type": "TextBlock",
      "id": "Stop date text",
      "separator": true,
      "text": "Schedule Stop DateTime:"
    },
    {
      "type": "TextBlock",
      "id": "DateTimeFormat",
      "horizontalAlignment": "Center",
      "separator": true,
      "weight": "Bolder",
      "color": "Warning",
      "text": "(In UTC Time Zone)"
    },
    {
      "type": "Input.Date",
      "id": "Stopdate",
      "separator": true,
      "value": "2019-05-25"
    },
    {
      "type": "Input.Time",
      "id": "Stoptime",
      "separator": true,
      "value": "08:00"
    }
  ],
  "actions": [
    {
      "type": "Action.Submit",
      "id": "SubmitBtn",
      "title": "SetSchedule"
    }
  ],
  "$schema": "http://adaptivecards.io/schemas/adaptive-card.json",
  "version": "1.0"
}